day,EventCode_counts,count
-7,193,15
-7,190,11
-7,20,12
-7,90,8
-7,311,2
-7,71,3
-7,36,8
-7,14,1
-7,1721,2
-7,172,3
-7,42,13
-7,134,1
-7,43,10
-7,12,3
-7,13,3
-7,10,9
-7,100,4
-7,80,5
-7,46,3
-7,84,3
-7,231,1
-7,51,11
-7,15,3
-7,17,5
-7,180,9
-7,112,3
-7,841,1
-7,111,8
-7,18,1
-7,192,2
-7,110,5
-7,120,2
-7,173,3
-7,182,2
-7,40,3
-7,130,1
-7,186,1
-7,57,1
-7,1124,1
-7,16,2
-7,61,1
-7,30,2
-7,60,1
-7,141,1
-6,40,7
-6,20,12
-6,112,10
-6,110,5
-6,190,21
-6,111,3
-6,61,3
-6,43,26
-6,51,19
-6,42,27
-6,13,5
-6,193,21
-6,10,23
-6,90,8
-6,12,12
-6,17,1
-6,18,4
-6,46,4
-6,84,3
-6,173,16
-6,180,6
-6,120,1
-6,841,3
-6,30,3
-6,70,6
-6,36,11
-6,1014,1
-6,15,1
-6,71,1
-6,202,1
-6,100,2
-6,25,1
-6,16,1
-6,172,3
-6,154,2
-6,115,1
-6,81,2
-6,130,2
-6,33,1
-6,129,1
-6,1721,2
-6,14,1
-6,60,1
-6,1123,2
-6,833,1
-6,45,1
-6,141,1
-6,160,1
-6,139,2
-6,50,1
-5,190,15
-5,10,15
-5,51,16
-5,36,7
-5,120,5
-5,43,16
-5,100,2
-5,12,3
-5,40,10
-5,180,5
-5,173,10
-5,172,7
-5,20,12
-5,193,12
-5,110,3
-5,16,3
-5,841,5
-5,84,2
-5,60,3
-5,30,10
-5,11,1
-5,42,16
-5,80,4
-5,192,2
-5,111,9
-5,15,2
-5,115,6
-5,17,4
-5,70,2
-5,46,11
-5,234,1
-5,331,1
-5,18,1
-5,112,9
-5,13,4
-5,71,1
-5,1822,3
-5,27,1
-5,62,2
-5,61,1
-5,1243,2
-5,214,3
-5,114,1
-5,64,1
-5,186,2
-5,125,1
-5,130,1
-5,160,1
-5,50,1
-5,1721,1
-5,164,1
-5,181,1
-5,57,1
-5,23,1
-5,1014,3
-5,14,2
-5,22,1
-5,90,1
-4,193,17
-4,90,5
-4,180,4
-4,42,18
-4,14,3
-4,36,11
-4,51,23
-4,173,9
-4,20,15
-4,190,15
-4,140,1
-4,75,1
-4,84,2
-4,192,7
-4,50,8
-4,130,1
-4,40,12
-4,10,19
-4,231,1
-4,13,6
-4,72,6
-4,12,8
-4,172,4
-4,1721,2
-4,63,1
-4,100,6
-4,15,1
-4,164,1
-4,112,2
-4,71,1
-4,43,8
-4,133,1
-4,30,4
-4,11,1
-4,124,1
-4,70,3
-4,110,1
-4,120,1
-4,1712,2
-4,80,1
-4,46,4
-4,57,2
-4,26,2
-4,141,1
-4,175,1
-4,125,1
-4,60,1
-3,80,1
-3,190,11
-3,1821,1
-3,42,8
-3,40,11
-3,43,6
-3,112,1
-3,13,1
-3,51,14
-3,90,8
-3,73,1
-3,36,7
-3,20,5
-3,84,4
-3,173,5
-3,23,1
-3,41,2
-3,15,3
-3,14,2
-3,10,5
-3,193,8
-3,111,2
-3,100,1
-3,32,1
-3,30,1
-3,180,2
-3,46,4
-3,175,1
-3,125,3
-3,17,1
-3,110,5
-3,70,1
-3,1124,1
-2,51,13
-2,13,4
-2,42,12
-2,43,7
-2,84,2
-2,193,28
-2,161,1
-2,52,1
-2,20,7
-2,30,1
-2,1721,1
-2,40,9
-2,10,8
-2,61,1
-2,110,5
-2,130,3
-2,128,1
-2,90,2
-2,112,6
-2,111,1
-2,12,3
-2,100,2
-2,18,1
-2,1822,1
-2,190,6
-2,36,17
-2,75,1
-2,172,1
-2,73,1
-2,1014,1
-2,120,3
-2,115,1
-2,71,1
-2,46,4
-2,80,2
-2,1123,1
-2,182,1
-2,81,1
-2,141,1
-2,114,1
-1,36,10
-1,195,1
-1,43,14
-1,180,5
-1,110,6
-1,111,6
-1,81,2
-1,51,9
-1,42,11
-1,75,2
-1,80,2
-1,120,3
-1,13,1
-1,40,7
-1,12,3
-1,20,13
-1,1721,2
-1,173,12
-1,193,19
-1,190,16
-1,202,2
-1,10,20
-1,128,1
-1,11,3
-1,112,7
-1,124,2
-1,17,1
-1,1123,2
-1,30,2
-1,1712,1
-1,130,2
-1,90,5
-1,60,6
-1,46,3
-1,182,2
-1,121,2
-1,71,3
-1,1821,2
-1,331,1
-1,44,1
-1,172,1
-1,52,2
-1,14,4
-1,91,1
-1,192,3
-1,122,1
-1,73,1
-1,841,1
-1,129,2
-1,833,1
-1,84,1
-1,70,1
0,42,35
0,43,43
0,46,9
0,51,37
0,10,60
0,80,6
0,72,4
0,20,23
0,36,11
0,193,93
0,190,86
0,180,7
0,90,20
0,13,11
0,57,3
0,173,19
0,841,2
0,111,20
0,874,2
0,84,3
0,30,4
0,181,1
0,40,14
0,14,4
0,31,2
0,71,7
0,12,4
0,192,2
0,331,2
0,110,10
0,1721,2
0,128,3
0,172,3
0,120,5
0,21,2
0,56,1
0,141,3
0,73,2
0,100,6
0,60,16
0,70,4
0,161,3
0,26,1
0,160,3
0,50,2
0,1241,1
0,11,2
0,124,2
0,35,2
0,61,3
0,18,6
0,182,5
0,112,12
0,1123,5
0,17,3
0,202,3
0,15,2
0,33,3
0,101,1
0,1121,1
0,842,1
0,130,2
1,111,54
1,112,29
1,1123,17
1,20,84
1,10,167
1,84,15
1,40,107
1,80,20
1,100,19
1,120,22
1,190,179
1,16,4
1,130,15
1,70,11
1,193,332
1,60,40
1,113,4
1,50,15
1,150,2
1,151,1
1,71,12
1,36,61
1,17,19
1,13,41
1,43,84
1,42,100
1,15,3
1,181,3
1,192,7
1,51,99
1,14,16
1,172,20
1,12,32
1,173,39
1,90,24
1,57,4
1,110,28
1,175,1
1,114,1
1,30,21
1,1121,4
1,11,7
1,874,6
1,46,43
1,180,15
1,61,5
1,62,2
1,122,2
1,202,13
1,166,1
1,182,8
1,141,6
1,311,1
1,33,7
1,31,4
1,1711,2
1,18,30
1,174,2
1,170,6
1,171,2
1,125,6
1,22,11
1,1124,6
1,44,4
1,160,4
1,73,3
1,356,5
1,1721,1
1,145,5
1,138,7
1,164,4
1,161,2
1,55,1
1,128,2
1,129,3
1,45,1
1,81,2
1,26,4
1,1712,1
1,841,5
1,64,2
1,1832,2
1,1821,1
1,1384,4
1,153,1
1,83,4
1,115,1
1,152,2
1,94,1
1,233,3
1,124,1
1,133,1
1,32,2
1,23,1
1,331,1
1,52,1
1,862,2
1,25,2
1,214,1
1,72,1
1,256,1
2,20,97
2,355,1
2,51,64
2,831,1
2,1124,13
2,193,288
2,46,44
2,70,17
2,112,39
2,30,9
2,841,5
2,42,72
2,164,12
2,10,129
2,190,98
2,43,69
2,40,111
2,13,39
2,120,26
2,139,1
2,111,33
2,57,7
2,154,1
2,1123,11
2,80,7
2,172,27
2,202,10
2,129,1
2,15,7
2,173,33
2,90,20
2,130,17
2,45,3
2,160,3
2,110,29
2,125,6
2,192,9
2,36,52
2,84,8
2,100,8
2,44,7
2,124,1
2,871,2
2,214,3
2,12,18
2,256,1
2,186,1
2,81,6
2,180,21
2,60,17
2,874,3
2,22,6
2,23,1
2,41,2
2,64,1
2,161,1
2,170,1
2,18,13
2,73,4
2,150,4
2,138,15
2,128,5
2,152,5
2,1384,3
2,140,3
2,195,2
2,33,2
2,1832,5
2,17,21
2,14,11
2,1014,3
2,71,15
2,134,3
2,16,2
2,1043,3
2,182,6
2,113,3
2,31,3
2,61,2
2,56,2
2,174,3
2,25,1
2,141,7
2,72,6
2,26,2
2,34,1
2,356,5
2,331,1
2,115,2
2,873,3
2,133,2
2,82,1
2,353,1
2,171,4
2,231,3
2,1721,3
2,311,2
2,83,1
2,53,4
2,1711,2
2,50,8
2,131,1
2,35,4
2,114,3
2,181,1
2,27,1
2,11,1
2,28,1
3,120,21
3,10,101
3,40,64
3,193,188
3,36,46
3,42,76
3,190,82
3,112,32
3,43,75
3,173,29
3,51,60
3,15,6
3,20,71
3,130,10
3,60,15
3,16,1
3,84,15
3,50,13
3,125,7
3,874,10
3,180,15
3,871,2
3,138,12
3,100,14
3,13,32
3,17,9
3,110,20
3,57,2
3,134,6
3,122,3
3,111,21
3,90,35
3,31,2
3,128,14
3,12,22
3,83,1
3,129,1
3,18,17
3,164,1
3,44,5
3,71,16
3,46,17
3,30,10
3,841,4
3,172,12
3,231,1
3,163,3
3,25,2
3,91,1
3,202,4
3,70,4
3,72,3
3,141,8
3,241,1
3,14,4
3,133,2
3,311,3
3,115,1
3,80,6
3,182,4
3,131,1
3,192,6
3,150,3
3,1123,5
3,1711,1
3,171,1
3,22,2
3,181,3
3,114,1
3,161,6
3,11,3
3,124,2
3,55,4
3,331,1
3,214,4
3,81,3
3,1712,1
3,33,3
3,356,7
3,152,2
3,833,4
3,1014,2
3,140,1
3,73,2
3,56,9
3,35,2
3,139,1
3,23,2
3,37,3
3,75,2
3,61,8
3,26,5
3,41,2
3,186,1
3,160,1
3,94,1
3,1384,1
4,60,13
4,202,6
4,43,67
4,193,129
4,112,30
4,172,11
4,40,90
4,190,72
4,14,11
4,120,12
4,71,15
4,164,6
4,10,89
4,56,7
4,111,19
4,51,45
4,192,5
4,42,63
4,50,7
4,1384,1
4,114,1
4,13,26
4,12,9
4,841,2
4,46,15
4,871,1
4,36,20
4,100,9
4,20,77
4,874,11
4,90,11
4,18,6
4,173,10
4,70,11
4,57,1
4,180,11
4,194,4
4,182,1
4,84,9
4,1124,3
4,130,8
4,72,1
4,73,5
4,17,6
4,160,2
4,113,1
4,81,2
4,128,10
4,110,22
4,141,5
4,30,9
4,138,5
4,80,14
4,231,1
4,125,8
4,52,1
4,873,1
4,214,1
4,171,2
4,1822,1
4,11,7
4,91,1
4,124,6
4,1014,2
4,1043,1
4,34,1
4,152,1
4,26,5
4,61,10
4,15,5
4,161,2
4,55,2
4,134,2
4,1123,1
4,45,3
4,101,1
4,23,1
4,140,2
4,256,1
4,129,1
4,33,1
4,115,1
4,1721,1
4,191,1
5,51,24
5,23,3
5,145,1
5,190,32
5,43,33
5,193,71
5,70,6
5,10,32
5,100,6
5,124,2
5,13,10
5,841,2
5,36,18
5,40,40
5,120,8
5,42,39
5,112,15
5,173,8
5,90,7
5,111,10
5,60,4
5,172,11
5,20,40
5,180,9
5,33,1
5,46,7
5,18,12
5,56,1
5,128,4
5,14,4
5,110,8
5,17,4
5,72,1
5,874,1
5,12,4
5,25,2
5,141,4
5,73,1
5,1043,1
5,231,3
5,80,3
5,130,5
5,192,2
5,71,3
5,256,1
5,138,1
5,833,2
5,160,3
5,150,2
5,83,1
5,134,2
5,1124,1
5,61,4
5,101,1
5,52,2
5,35,1
5,84,1
5,50,4
5,32,3
5,171,1
5,31,2
5,1123,1
5,144,1
5,16,1
5,53,1
5,81,3
6,20,34
6,10,35
6,110,7
6,190,27
6,36,34
6,170,1
6,40,51
6,180,14
6,173,7
6,193,81
6,42,53
6,874,2
6,112,9
6,873,1
6,120,6
6,14,4
6,18,10
6,43,45
6,154,1
6,46,7
6,172,10
6,71,1
6,51,22
6,1014,1
6,111,9
6,12,1
6,60,8
6,164,3
6,90,5
6,80,3
6,70,5
6,50,6
6,57,4
6,145,1
6,175,1
6,202,3
6,30,7
6,127,1
6,13,10
6,17,7
6,72,5
6,192,1
6,1721,1
6,150,1
6,100,5
6,11,1
6,1384,3
6,138,1
6,1822,1
6,55,2
6,56,1
6,130,1
6,141,3
6,26,3
6,160,3
6,125,2
6,231,1
6,91,3
6,23,3
6,1123,2
6,841,1
6,83,1
6,35,1
6,84,1
6,182,1
6,41,2
7,190,37
7,40,39
7,193,78
7,112,15
7,111,19
7,172,11
7,18,1
7,20,43
7,13,22
7,42,46
7,43,42
7,180,10
7,10,43
7,214,1
7,51,33
7,46,20
7,125,4
7,120,15
7,11,4
7,100,14
7,80,4
7,84,3
7,30,14
7,1124,2
7,71,10
7,36,19
7,871,2
7,90,14
7,173,17
7,174,2
7,17,8
7,14,7
7,75,1
7,841,3
7,128,6
7,133,2
7,70,7
7,138,2
7,1123,3
7,130,4
7,231,2
7,50,10
7,110,11
7,12,13
7,874,2
7,32,2
7,141,6
7,15,5
7,26,3
7,35,1
7,1711,1
7,23,2
7,134,1
7,1312,1
7,31,5
7,202,3
7,60,2
7,52,1
7,73,5
7,41,4
7,57,1
7,140,2
7,16,2
7,171,2
7,161,1
7,124,3
7,164,1
7,1721,1
7,56,1
7,1832,1
7,81,1
7,122,1
7,61,2
7,72,3
7,332,1
7,1384,3
7,54,1
7,311,1
7,44,3
8,46,41
8,36,22
8,10,53
8,42,45
8,160,11
8,51,40
8,125,5
8,20,56
8,90,17
8,18,4
8,31,2
8,40,48
8,173,19
8,35,4
8,43,42
8,73,2
8,190,45
8,13,22
8,193,106
8,57,1
8,17,8
8,111,15
8,180,15
8,72,1
8,1832,1
8,120,4
8,128,5
8,80,11
8,140,1
8,130,5
8,60,15
8,33,3
8,172,16
8,32,1
8,14,6
8,30,5
8,100,14
8,70,10
8,110,15
8,202,3
8,112,11
8,23,4
8,871,1
8,141,3
8,45,6
8,874,4
8,1711,4
8,61,3
8,25,1
8,101,1
8,26,2
8,12,5
8,15,7
8,71,7
8,841,2
8,50,13
8,192,4
8,182,2
8,21,1
8,37,6
8,16,1
8,164,1
8,1721,4
8,124,7
8,81,2
8,93,1
8,174,1
8,41,1
8,28,1
8,231,3
8,11,5
8,1121,1
8,22,3
8,333,1
8,114,5
8,163,1
8,52,1
8,195,1
8,353,1
8,53,1
8,145,1
8,74,2
8,194,1
8,234,3
8,134,5
8,115,1
8,232,2
8,152,5
8,138,1
8,171,1
8,94,1
9,193,84
9,112,24
9,94,1
9,12,11
9,36,14
9,51,37
9,190,36
9,10,55
9,43,28
9,20,60
9,13,18
9,111,8
9,120,12
9,27,1
9,71,12
9,172,13
9,1721,2
9,110,12
9,138,7
9,14,14
9,40,32
9,30,7
9,1711,1
9,874,2
9,70,11
9,202,1
9,173,20
9,64,1
9,1123,1
9,42,40
9,180,9
9,15,6
9,1124,4
9,17,5
9,311,3
9,1014,3
9,44,2
9,46,11
9,18,4
9,130,5
9,60,5
9,50,6
9,151,2
9,84,3
9,73,2
9,31,2
9,160,3
9,163,1
9,80,3
9,23,6
9,141,2
9,192,3
9,841,2
9,150,2
9,100,7
9,128,3
9,353,2
9,333,1
9,90,7
9,154,1
9,81,5
9,113,1
9,181,1
9,1384,1
9,25,1
9,121,1
9,33,2
9,72,3
9,101,3
9,26,1
9,125,2
9,114,2
9,55,2
9,22,1
9,182,1
9,833,1
9,842,1
9,83,1
9,234,2
9,191,1
9,1383,1
9,129,2
9,122,1
10,112,8
10,190,44
10,43,29
10,42,34
10,173,20
10,73,1
10,20,42
10,10,34
10,46,20
10,193,77
10,90,22
10,40,49
10,180,14
10,1124,3
10,202,3
10,12,18
10,80,7
10,51,30
10,21,4
10,192,6
10,60,3
10,111,14
10,36,19
10,129,1
10,172,9
10,1711,1
10,13,11
10,18,2
10,55,1
10,70,9
10,100,6
10,166,1
10,84,8
10,17,5
10,160,4
10,871,1
10,50,2
10,15,5
10,1243,2
10,130,2
10,14,6
10,45,2
10,120,6
10,11,1
10,125,1
10,353,1
10,16,2
10,30,3
10,241,3
10,72,1
10,150,1
10,22,2
10,128,4
10,141,4
10,94,2
10,110,5
10,71,10
10,1123,2
10,23,1
10,25,1
10,874,1
10,174,1
10,114,2
10,841,1
10,57,2
10,164,1
10,831,1
10,862,1
10,115,3
10,83,1
10,140,1
11,13,9
11,231,1
11,42,16
11,193,51
11,10,26
11,20,29
11,14,6
11,90,5
11,138,1
11,51,18
11,81,3
11,12,10
11,100,5
11,141,1
11,26,1
11,190,29
11,40,28
11,194,1
11,124,1
11,15,4
11,173,19
11,71,5
11,234,1
11,171,2
11,43,18
11,91,1
11,36,8
11,22,1
11,64,3
11,60,11
11,128,2
11,111,5
11,150,1
11,33,1
11,130,2
11,841,5
11,112,4
11,120,9
11,73,1
11,84,6
11,17,2
11,70,2
11,241,2
11,110,5
11,46,13
11,182,1
11,50,1
11,192,2
11,1124,1
11,57,1
11,180,6
11,72,1
11,30,3
11,18,1
11,94,1
11,172,1
11,35,2
11,874,1
11,202,1
11,61,1
12,20,29
12,112,3
12,51,23
12,873,3
12,72,1
12,100,8
12,182,1
12,192,1
12,11,3
12,40,5
12,50,7
12,193,35
12,10,22
12,42,15
12,43,18
12,52,1
12,84,1
12,71,2
12,174,1
12,80,3
12,172,1
12,70,4
12,37,1
12,13,3
12,141,1
12,180,5
12,90,6
12,190,23
12,30,4
12,110,2
12,202,3
12,45,3
12,164,2
12,173,9
12,120,5
12,46,5
12,36,9
12,115,1
12,833,1
12,12,3
12,114,1
12,15,1
12,111,3
12,57,2
12,14,2
12,160,1
12,22,1
12,181,1
12,17,1
12,61,2
12,1121,1
12,1832,1
12,130,3
12,60,1
12,256,1
13,170,1
13,193,51
13,20,24
13,100,5
13,51,22
13,36,12
13,43,16
13,50,5
13,71,6
13,10,21
13,84,3
13,120,5
13,40,22
13,190,22
13,80,10
13,62,2
13,30,6
13,17,9
13,12,5
13,112,12
13,130,2
13,42,22
13,111,7
13,173,9
13,131,1
13,182,1
13,134,1
13,70,4
13,60,2
13,1711,1
13,110,4
13,172,4
13,14,2
13,90,6
13,180,9
13,138,1
13,13,10
13,140,2
13,46,5
13,202,4
13,73,3
13,11,2
13,124,2
13,25,2
13,1721,1
13,1821,1
13,1124,3
13,101,1
13,33,1
13,175,1
13,141,1
13,191,2
13,23,1
13,31,2
13,841,1
13,129,5
14,90,6
14,71,3
14,10,41
14,128,3
14,193,44
14,13,12
14,130,3
14,173,10
14,20,48
14,42,25
14,36,20
14,40,31
14,180,4
14,80,4
14,15,3
14,43,14
14,182,3
14,120,7
14,12,6
14,115,2
14,84,4
14,51,17
14,190,19
14,30,5
14,73,1
14,11,3
14,46,34
14,60,6
14,114,2
14,83,1
14,311,2
14,833,1
14,18,1
14,110,11
14,23,1
14,91,2
14,52,1
14,831,1
14,1124,2
14,172,7
14,161,1
14,141,5
14,175,3
14,202,1
14,134,1
14,841,1
14,234,2
14,1721,2
14,63,1
14,50,3
14,14,5
14,112,3
14,125,1
14,334,1
14,31,3
14,113,2
14,174,1
14,56,4
14,138,1
14,192,1
14,1121,1
14,70,5
14,195,1
14,33,1
14,16,2
14,100,3
14,22,3
14,17,1
14,41,2
14,111,2
15,10,29
15,193,59
15,190,29
15,15,3
15,173,6
15,63,2
15,20,32
15,40,36
15,51,19
15,141,2
15,161,2
15,112,12
15,70,4
15,12,7
15,60,6
15,71,6
15,214,2
15,111,13
15,114,2
15,90,14
15,43,20
15,42,28
15,17,1
15,138,2
15,172,4
15,44,2
15,120,6
15,256,1
15,356,1
15,36,12
15,130,2
15,50,4
15,125,2
15,110,10
15,61,2
15,46,14
15,180,8
15,14,5
15,13,18
15,833,1
15,128,4
15,80,1
15,181,2
15,100,7
15,186,1
15,30,4
15,22,1
15,166,1
15,83,1
15,33,1
15,160,1
15,1712,2
15,18,1
15,163,1
15,1384,1
15,72,2
15,124,3
15,202,1
15,1124,7
15,52,1
15,1043,2
15,174,1
16,190,25
16,40,20
16,140,5
16,141,2
16,173,18
16,166,1
16,214,3
16,202,2
16,15,3
16,50,1
16,111,5
16,10,30
16,43,13
16,42,10
16,193,50
16,20,24
16,90,10
16,41,2
16,26,1
16,1821,1
16,112,2
16,46,15
16,51,12
16,64,1
16,84,3
16,13,6
16,133,1
16,36,14
16,57,2
16,125,1
16,129,1
16,60,3
16,833,1
16,12,5
16,32,4
16,72,1
16,1123,2
16,83,2
16,160,1
16,52,1
16,115,2
16,71,13
16,172,6
16,130,3
16,120,8
16,150,2
16,180,3
16,100,4
16,1014,5
16,80,5
16,138,2
16,192,4
16,841,2
16,114,1
16,110,5
16,22,3
16,11,4
16,17,4
16,124,1
16,70,7
16,14,2
16,30,3
16,25,1
16,1043,1
16,35,2
16,1721,1
17,10,33
17,120,8
17,193,43
17,40,34
17,42,28
17,43,28
17,51,16
17,20,21
17,70,8
17,61,1
17,190,20
17,100,12
17,23,1
17,80,2
17,111,6
17,84,8
17,141,3
17,112,4
17,311,1
17,55,3
17,26,5
17,173,4
17,172,9
17,50,3
17,14,4
17,30,4
17,128,5
17,180,5
17,46,8
17,33,2
17,12,6
17,202,2
17,1123,2
17,1711,2
17,182,2
17,71,5
17,13,8
17,60,4
17,130,2
17,17,1
17,90,10
17,36,3
17,22,1
17,110,7
17,57,4
17,11,5
17,124,6
17,1124,1
17,214,3
17,41,2
17,115,1
17,31,1
17,164,2
17,125,1
17,81,1
17,129,1
17,150,1
17,1823,1
17,72,2
17,15,1
17,94,1
17,160,2
17,114,1
17,192,1
17,811,1
17,1014,6
17,333,1
18,190,20
18,40,5
18,10,14
18,20,9
18,43,17
18,42,16
18,353,2
18,193,26
18,51,6
18,13,1
18,46,5
18,173,7
18,192,4
18,60,5
18,16,1
18,172,4
18,83,1
18,36,3
18,90,4
18,129,2
18,1014,1
18,30,2
18,128,2
18,120,3
18,71,3
18,112,1
18,100,7
18,11,3
18,22,1
18,175,1
18,171,3
18,12,5
18,25,1
18,23,2
18,80,2
18,1384,1
18,180,3
18,111,3
18,70,4
18,33,2
18,141,4
18,1243,1
18,110,3
18,18,1
18,75,1
18,140,1
18,811,1
18,115,1
18,31,2
18,181,2
18,114,1
18,17,1
18,202,1
18,124,1
19,43,10
19,120,3
19,36,7
19,12,4
19,193,31
19,60,4
19,10,19
19,112,4
19,190,12
19,20,15
19,111,2
19,13,5
19,90,5
19,143,2
19,100,5
19,40,15
19,51,14
19,11,2
19,124,2
19,17,1
19,50,4
19,181,1
19,150,1
19,70,1
19,30,5
19,71,1
19,192,1
19,173,1
19,110,4
19,174,1
19,172,4
19,81,2
19,129,3
19,873,2
19,141,10
19,72,2
19,42,16
19,61,2
19,180,1
19,130,1
19,138,1
19,26,1
19,46,6
19,94,1
19,841,2
19,140,1
19,22,1
19,874,1
20,13,4
20,57,2
20,80,2
20,173,10
20,20,23
20,163,1
20,111,3
20,51,18
20,10,12
20,138,2
20,40,10
20,46,3
20,110,7
20,71,6
20,37,2
20,36,4
20,90,4
20,42,13
20,112,2
20,194,1
20,35,2
20,193,25
20,43,13
20,172,5
20,180,7
20,113,1
20,190,6
20,182,1
20,160,1
20,128,3
20,84,3
20,60,5
20,14,3
20,100,8
20,50,8
20,120,2
20,141,1
20,1412,1
20,33,2
20,45,1
20,130,1
20,841,3
20,186,1
20,115,1
20,192,1
20,1383,1
20,72,1
21,190,9
21,42,25
21,43,26
21,111,5
21,841,1
21,51,26
21,192,1
21,10,36
21,120,4
21,193,23
21,90,3
21,71,13
21,13,6
21,12,4
21,26,2
21,172,4
21,128,1
21,20,17
21,22,1
21,100,11
21,40,20
21,84,12
21,173,10
21,36,14
21,80,2
21,60,2
21,180,5
21,56,1
21,30,2
21,130,6
21,70,4
21,46,5
21,14,2
21,37,4
21,831,2
21,1121,1
21,141,5
21,138,2
21,94,2
21,181,1
21,129,1
21,23,1
21,874,1
21,110,5
21,15,3
21,11,1
21,152,1
21,112,2
21,72,1
21,182,1
21,114,1
21,1383,1
21,83,1
21,214,3
21,331,2
22,20,22
22,46,8
22,192,1
22,51,30
22,10,23
22,231,1
22,831,5
22,30,3
22,190,12
22,84,5
22,160,4
22,112,9
22,173,12
22,128,4
22,193,14
22,12,8
22,90,8
22,181,1
22,43,11
22,42,13
22,73,3
22,26,1
22,214,2
22,13,13
22,130,2
22,45,1
22,71,8
22,180,3
22,62,2
22,15,1
22,36,9
22,141,5
22,110,6
22,40,17
22,80,4
22,871,1
22,35,2
22,100,5
22,11,1
22,61,3
22,81,1
22,874,2
22,14,5
22,33,1
22,64,1
22,172,5
22,171,2
22,152,1
22,1821,1
22,202,1
22,23,3
22,52,1
22,111,3
22,37,4
22,83,3
22,55,1
22,120,3
22,114,2
22,57,3
22,16,2
22,50,1
22,54,2
23,180,3
23,10,25
23,13,9
23,42,17
23,43,17
23,71,5
23,20,26
23,51,13
23,173,8
23,172,11
23,30,3
23,57,8
23,50,1
23,120,5
23,40,20
23,841,4
23,100,5
23,190,17
23,70,2
23,110,3
23,163,1
23,128,5
23,193,15
23,112,3
23,84,6
23,1123,1
23,192,3
23,90,5
23,80,4
23,36,5
23,134,1
23,111,8
23,17,2
23,60,3
23,130,3
23,25,1
23,12,4
23,185,2
23,61,1
23,114,2
23,874,1
23,46,5
23,94,1
23,35,1
23,164,1
23,1014,1
23,186,1
23,113,2
23,153,1
23,141,2
23,11,1
24,180,6
24,193,30
24,15,6
24,51,15
24,13,6
24,90,5
24,18,4
24,20,17
24,40,23
24,36,7
24,42,26
24,43,23
24,110,3
24,10,21
24,71,5
24,1821,1
24,17,2
24,130,3
24,141,3
24,190,16
24,72,4
24,60,9
24,80,4
24,173,12
24,84,6
24,172,5
24,128,5
24,26,2
24,12,8
24,50,2
24,874,1
24,115,2
24,841,8
24,111,9
24,202,2
24,100,3
24,125,3
24,23,1
24,70,3
24,81,2
24,46,5
24,163,3
24,120,3
24,112,7
24,83,1
24,30,5
24,53,1
24,114,2
24,25,1
24,106,1
24,124,5
24,1721,1
24,1724,2
24,14,1
24,192,2
24,73,2
24,61,2
24,11,2
24,161,1
25,80,1
25,110,1
25,1711,1
25,180,7
25,190,7
25,90,4
25,10,11
25,193,12
25,17,5
25,13,14
25,52,1
25,71,2
25,70,2
25,43,3
25,81,1
25,173,7
25,172,2
25,131,1
25,40,8
25,26,1
25,112,3
25,46,10
25,20,6
25,73,1
25,841,3
25,36,5
25,138,1
25,42,4
25,51,11
25,55,1
25,1121,2
25,30,6
25,141,4
25,174,2
25,14,3
25,12,1
25,130,2
25,1123,1
25,120,1
25,60,1
25,84,5
25,213,1
25,1241,2
25,25,1
25,50,2
25,11,1
26,71,3
26,30,3
26,10,12
26,42,10
26,112,6
26,57,1
26,20,6
26,193,16
26,43,11
26,13,6
26,51,11
26,17,2
26,15,3
26,841,8
26,180,2
26,192,3
26,50,2
26,14,1
26,100,2
26,12,3
26,190,11
26,120,2
26,110,2
26,874,1
26,831,2
26,141,1
26,161,1
26,46,2
26,202,2
26,53,1
26,140,1
26,138,3
26,16,3
26,332,1
26,60,1
26,73,1
26,36,1
26,81,2
26,173,1
26,40,2
26,84,2
26,90,4
26,72,3
26,1044,1
26,172,1
27,80,3
27,20,21
27,40,19
27,193,12
27,94,6
27,60,2
27,172,4
27,841,12
27,42,9
27,43,4
27,171,1
27,141,2
27,1712,1
27,10,22
27,120,3
27,111,2
27,51,17
27,110,3
27,190,10
27,36,8
27,13,8
27,57,4
27,173,5
27,12,4
27,15,1
27,73,1
27,81,2
27,122,1
27,143,1
27,124,2
27,11,2
27,192,2
27,30,2
27,46,4
27,133,1
27,70,2
27,14,2
27,100,1
27,84,1
27,130,1
27,61,2
27,160,1
27,182,1
28,10,23
28,190,20
28,193,19
28,40,19
28,81,1
28,20,27
28,128,1
28,173,10
28,120,7
28,46,9
28,36,14
28,241,2
28,1721,1
28,41,2
28,172,5
28,43,13
28,42,20
28,12,7
28,110,10
28,112,8
28,180,3
28,1712,1
28,150,1
28,80,2
28,18,1
28,30,5
28,51,9
28,60,6
28,13,6
28,233,2
28,11,2
28,124,2
28,100,1
28,841,1
28,130,7
28,111,2
28,62,4
28,71,10
28,160,2
28,14,6
28,90,3
28,37,2
28,873,2
28,115,1
28,154,1
28,152,1
28,1822,1
28,50,4
28,84,3
28,17,4
28,73,1
28,57,4
28,26,1
28,871,1
29,1712,9
29,193,36
29,61,3
29,100,4
29,36,12
29,10,32
29,20,20
29,110,5
29,13,15
29,50,2
29,14,7
29,40,14
29,111,6
29,46,6
29,874,1
29,32,1
29,42,20
29,55,3
29,190,12
29,84,4
29,180,2
29,841,2
29,112,15
29,101,1
29,30,4
29,182,1
29,1041,1
29,31,1
29,43,12
29,70,4
29,35,2
29,60,4
29,56,1
29,353,2
29,120,9
29,12,3
29,71,5
29,192,2
29,128,1
29,1721,1
29,130,1
29,80,3
29,173,10
29,172,2
29,125,3
29,114,2
29,1823,1
29,160,2
29,144,1
29,140,2
29,51,9
29,90,7
29,26,3
29,23,1
29,833,1
29,234,1
29,52,1
29,871,1
29,45,2
29,16,1
29,33,1
29,134,1
29,241,1
30,190,13
30,193,28
30,173,11
30,10,18
30,43,15
30,71,10
30,180,5
30,20,23
30,214,4
30,90,12
30,114,2
30,84,5
30,42,17
30,30,10
30,12,9
30,40,14
30,171,1
30,150,3
30,841,6
30,145,1
30,100,8
30,51,26
30,50,2
30,110,8
30,63,1
30,1043,1
30,16,2
30,15,3
30,874,2
30,13,7
30,120,8
30,60,8
30,80,8
30,31,2
30,70,6
30,46,4
30,160,6
30,172,2
30,112,7
30,115,4
30,53,1
30,128,3
30,11,4
30,124,3
30,1712,2
30,61,1
30,311,1
30,36,5
30,111,2
30,14,3
30,141,2
30,35,6
30,26,1
30,73,3
30,192,2
30,130,1
30,25,2
30,1711,1
30,181,1
30,1053,1
30,182,1
30,17,1
31,110,9
31,12,5
31,30,6
31,46,11
31,10,23
31,13,3
31,120,5
31,160,1
31,130,7
31,20,17
31,51,27
31,90,2
31,190,12
31,42,20
31,43,17
31,40,7
31,81,3
31,193,19
31,80,12
31,141,3
31,202,3
31,173,10
31,111,4
31,71,9
31,83,1
31,50,9
31,73,1
31,15,3
31,26,1
31,122,1
31,36,16
31,52,4
31,1243,1
31,180,3
31,172,16
31,112,3
31,1241,6
31,1043,1
31,60,6
31,101,2
31,113,1
31,115,2
31,874,2
31,54,1
31,22,1
31,33,1
31,84,5
31,23,1
31,61,2
31,356,1
31,100,1
31,72,1
31,131,1
31,1044,1
31,140,1
31,114,2
31,31,1
31,45,2
31,1124,1
31,128,1
31,129,1
31,14,2
