day,Actor2Name_counts,count
-7,MEDIA,2
-7,GOVERNMENT,3
-7,ADMINISTRATION,4
-7,NAPLES,1
-7,PRISON,1
-7,CITIZEN,1
-7,FIREFIGHTER,1
-7,DUBAI,1
-7,UNITEDSTATES,4
-7,VOTER,1
-7,BERLIN,1
-7,DOCTOR,1
-7,SENATEPRESIDENT,2
-7,GOVERNOR,1
-7,SCHOOL,1
-7,MIAMI,1
-7,FLORIDA,6
-7,INDUSTRY,1
-7,CRIMINAL,2
-6,UNIVERSITY,1
-6,INDUSTRY,1
-6,JUDGE,1
-6,MEXICO,1
-6,UNITEDSTATES,5
-6,LAWENFORCEMENTAGENCIES,1
-6,ILLEGALIMMIGRANT,1
-6,POLICE,1
-6,MEDIA,1
-6,NEWSPAPER,1
-6,CRIMINAL,1
-6,GOVERNMENT,1
-5,SENATE,1
-5,UNITEDSTATES,3
-5,FLORIDA,6
-5,CHINESE,2
-5,CHINA,1
-5,POLITICIAN,1
-5,RESIDENTS,2
-5,COMMUNITY,1
-5,SCHOOL,4
-5,STUDENT,1
-5,LEGISLATURE,1
-5,DEPUTY,1
-4,GOVERNMENT,1
-4,LAWYER,1
-4,UNITEDSTATES,1
-4,DEMOCRATICPARTY,1
-4,VOTER,2
-4,NEWHAMPSHIRE,2
-4,PRESIDENT,1
-4,HOSPITAL,2
-4,RUSSIA,1
-3,FLORIDA,6
-3,REFUGEE,1
-3,CUBAN,1
-3,UNITEDSTATES,4
-3,VOTER,1
-3,RESIDENTS,2
-3,TURK,3
-3,EUROPEAN,2
-3,DETECTIVE,1
-3,JAMAICA,1
-3,MARINES,1
-3,POPULATION,1
-3,MEXICO,2
-3,NASA,1
-3,COMMUNITY,1
-3,PALESTINE,1
-2,THEUS,2
-2,MEXICO,4
-2,NASA,1
-2,UNITEDSTATES,13
-2,TAMPA,1
-2,CONVICTS,3
-2,CHABAD,2
-2,BANK,1
-2,SCHOOL,1
-2,FLORIDA,4
-2,COUNSEL,1
-2,BUSINESS,1
-2,SUPERIORCOURT,1
-2,CUBA,1
-2,MAJORGENERAL,2
-2,BELIZE,1
-1,OHIO,1
-1,RESIDENTS,3
-1,WORKER,1
-1,UNITEDSTATES,27
-1,PRESIDENT,2
-1,FLORIDA,22
-1,BRIANMC,4
-1,SCHOOL,5
-1,THEASSOCIATEDPRESS,1
-1,AFRICA,1
-1,MEDIA,4
-1,MEXICO,5
-1,EMPLOYEE,2
-1,KINGSTON,1
-1,ATLANTA,1
-1,CHEVRON,1
-1,REUTERS,1
-1,COMPANIES,3
-1,ILLEGALMIGRANT,1
-1,REDCROSS,1
-1,HUNTER,1
-1,COMMANDER,2
-1,NOVONORDISK,2
-1,CHARLOTTE,1
-1,LAWYER,1
-1,TRAVELER,1
-1,AIRLINE,2
-1,VIRGINIA,1
-1,PHYSICIAN,1
-1,NASA,3
-1,UNIVERSITY,4
-1,AMERICAN,2
-1,AUSTRALIA,1
-1,ARMY,1
-1,EMPLOYER,1
-1,HAWAIIAN,1
-1,HAWAII,1
0,FLORIDA,24
0,MEXICO,6
0,AUTHORITIES,4
0,UNITEDSTATES,33
0,GOVERNMENT,1
0,RESIDENTS,9
0,YUCATANPENINSULA,2
0,CITIZEN,1
0,CARRIER,1
0,CUBA,3
0,CHRISTIAN,1
0,WORKER,4
0,GOVERNOR,1
0,MEDICALSPECIALIST,2
0,AFRICA,1
0,OHIO,1
0,UNITEDSTATESVIRGINISLANDS,1
0,PANAMA,1
0,NASA,5
0,ATLANTA,1
0,MINNEAPOLIS,1
0,COMMANDER,1
0,KENTUCKY,1
0,RUSSIA,1
0,VILLAGE,1
0,BUSINESS,1
0,CRIMINAL,1
0,ARMY,1
0,AIRFORCE,1
0,FIREMARSHAL,1
0,SCHOOL,3
0,PANAMACITY,1
0,VIRGINIA,1
0,ORLANDO,1
0,UNIVERSITY,1
0,STUDENT,1
0,KANSAS,1
0,MEDIA,1
0,TEXAS,2
0,REDCROSS,1
0,COMPANY,3
0,AMERICAN,2
0,MISSISSIPPI,2
0,BOEING,1
0,PRESIDENT,2
0,ADMINISTRATION,1
0,BRAC,2
1,GOVERNMENT,3
1,TEXAS,3
1,AMERICAN,5
1,REUTERS,1
1,UNITEDSTATES,47
1,FLORIDA,50
1,GREENSBORO,4
1,FIREDEPARTMENT,2
1,PROFESSOR,2
1,UNIVERSITY,4
1,JEWISH,3
1,RESIDENTS,17
1,KING,1
1,SAINT,1
1,REDCROSS,9
1,CUBA,1
1,BUSINESS,2
1,ADMINISTRATION,1
1,BAHAMA,2
1,GOVERNOR,1
1,LAWYER,1
1,MISSOURI,1
1,THEWHITEHOUSE,1
1,COMPANY,4
1,WORKER,3
1,CORRESPONDENT,2
1,JACKSONVILLE,1
1,DISTRICTCOURT,1
1,NORTHWEST,1
1,NAPLES,1
1,FIREFIGHTER,3
1,WEBSITE,3
1,MEXICO,8
1,COMMUNITY,1
1,RIGHTSGROUP,1
1,BIRMINGHAM,1
1,DOCTOR,3
1,DISNEY,1
1,ENGINEER,1
1,LEBANON,1
1,CARRIER,1
1,OKLAHOMA,1
1,NATIONALPRESS,1
1,COMCAST,1
1,BRUCEKATZ,1
1,EMPLOYEE,2
1,MEDIA,2
1,GREENVILLE,1
1,MALE,1
1,SERIALKILLER,1
1,CHICAGO,1
1,LASVEGAS,1
1,REPRESENTATIVES,2
1,NATURALIZED,1
1,ORLANDO,1
1,STUDENTSANDTEACHER,1
1,BERMUDA,1
1,TELEVISION,2
1,SCHOOL,1
1,CITIZEN,1
1,AUTHORITIES,2
1,JUDGE,5
1,TENNESSEE,1
1,VERMONT,1
1,TRAVELER,2
1,DELAWARE,1
1,COMPANIES,1
1,JOEBIDEN,2
1,PIEDMONT,1
1,CHINA,1
1,HUNTER,1
1,THEUS,1
1,CAYMANISLAND,1
1,CHRISTIAN,2
1,GANG,3
1,ST.PETERSBURG,1
1,SENATOR,1
2,UNITEDSTATES,68
2,AUSTRALIA,3
2,MEDIA,5
2,FLORIDA,40
2,WEBSITE,1
2,VIETNAM,1
2,PRISON,1
2,HAITI,1
2,ALABAMA,1
2,UNIVERSITY,1
2,ADMINISTRATION,2
2,THEASSOCIATEDPRESS,3
2,RESIDENTS,16
2,AUS,3
2,AMERICAN,4
2,NAPLES,1
2,PRESIDENT,1
2,DEPUTIES,2
2,CATHOLIC,4
2,COMPANIES,1
2,REDCROSS,5
2,STUDENT,3
2,WORKER,2
2,BANK,1
2,SUNNI,2
2,RUSSIA,3
2,LASVEGAS,1
2,AIRLINE,1
2,TRAVELER,2
2,PROFESSOR,2
2,COMMUNITY,2
2,AMERICARES,2
2,MEXICO,3
2,UKRAINIAN,1
2,CORRESPONDENT,1
2,SPAIN,1
2,KANSAS,1
2,STPETERSBURG,1
2,CHEROKEE,2
2,NEIGHBORHOOD,1
2,FIREFIGHTER,1
2,ASSUR,2
2,GOOGLE,1
2,TEXAS,4
2,SOUTHCAROLINA,1
2,SCHOOL,6
2,CALCUTTA,3
2,FIREDEPARTMENT,1
2,NASA,1
2,ABBOT,2
2,GEORGETOWN,2
2,COLORADO,1
2,CHARLOTTE,1
2,LORRAINE,1
2,UKRAINE,1
2,JUAREZ,1
2,ATLANTA,1
2,TELEVISION,1
2,LOUISIANA,1
2,FIRECHIEF,1
2,VILLAGE,3
2,GOVERNMENT,1
2,CHAMBER,1
2,GOVERNOR,1
2,NATIONALGUARD,1
2,HUNTER,2
2,FIREMARSHAL,1
2,HOUSEOFREPRESENTATIVES,2
3,UNITEDSTATES,44
3,FLORIDA,14
3,RESIDENTS,8
3,CUBAN,2
3,UNITEDNATIONS,2
3,POLICE,5
3,NEIGHBORHOOD,1
3,FIRECHIEF,1
3,VILLAGE,1
3,COMMUNITY,1
3,FIREFIGHTER,1
3,SENATOR,3
3,RUSSIA,3
3,REDCROSS,7
3,NILE,2
3,SMALLTOWN,2
3,LOCALMEDIA,1
3,NAVY,1
3,HITSQUAD,3
3,CITIZEN,1
3,AUSTIN,1
3,ISRAELI,1
3,MEXICO,2
3,ATLANTA,1
3,BELIZE,2
3,SOUTHCAROLINA,3
3,MINIST,1
3,HAITI,1
3,AUTHORITIES,1
3,BOEING,1
3,BUSINESS,1
3,NEVADA,1
3,WORKER,2
3,ORLANDO,1
3,GARRISON,1
3,CITYMANAGER,2
3,HUNTER,1
3,ARMY,2
3,OHIO,1
3,GOVERNOR,2
3,WEBSITE,1
3,GOVERNMENT,2
3,DISPLACEDRESIDENTS,1
3,THEASSOCIATEDPRESS,2
3,HOSPITAL,1
3,RETIRED,1
3,NEWYORK,1
3,JUDGE,1
3,ALABAMA,1
3,NATIONALGUARD,1
4,FLORIDA,11
4,JOEBIDEN,1
4,SETTLEMENT,2
4,NEWYORK,1
4,BUSINESS,1
4,HOSPITAL,1
4,COMMUNITY,3
4,ISRAELI,2
4,ISRAEL,1
4,UNITEDSTATES,20
4,RHODES,1
4,POLICE,1
4,CONGRESS,2
4,NORTHCAROLINA,3
4,RESIDENTS,5
4,CALIFORNIA,1
4,SENATOR,1
4,PHILIPPINE,3
4,WASHINGTON,1
4,ENGINEER,1
4,CONGRESSWOMAN,2
4,EUROPEAN,1
4,RUSSIA,1
4,MEXICO,1
4,AUTHORITIES,1
4,COASTGUARD,3
4,GOVERNMENT,1
4,COLLEGE,1
4,MIAMI,1
4,NEIGHBORHOOD,1
4,TEXAS,1
4,HOUSTON,1
4,MAINE,1
4,PENNSYLVANIA,2
4,THEASSOCIATEDPRESS,1
4,MEDIA,1
4,VILLAGE,3
4,FIREMARSHAL,1
4,POPULATION,1
4,NASA,1
4,ADMINISTRATION,2
5,UNITEDSTATES,46
5,FLORIDA,26
5,CANTON,1
5,NAPLES,3
5,REDCROSS,6
5,JOEBIDEN,1
5,NORTHCAROLINA,11
5,CONGRESSWOMAN,1
5,WORKER,4
5,ARMYNATIONALGUARD,1
5,BOSS,1
5,GOVERNOR,6
5,PRESIDENT,2
5,CRIMEA,1
5,LIEUTENANT,1
5,ARMY,2
5,WEBSITE,1
5,RESIDENTS,9
5,MEXICO,1
5,POLICE,2
5,BRAZIL,1
5,CHARLOTTE,1
5,MARYLAND,2
5,COMPANIES,1
5,COMMUNITY,5
5,VOTER,2
5,WASHINGTON,1
5,NEWSPAPER,7
5,MEDIA,2
5,IRELAND,1
5,EMPLOYEE,1
5,COMPANY,3
5,LAWMAKER,1
5,BUSINESS,2
5,THEUS,1
5,GOVERNMENT,1
5,RELIGION,1
5,SETTLEMENT,1
5,VIRGINIA,1
5,INVESTOR,1
5,ENGINEER,1
5,SPECIALOPERATIONS,1
5,AUTHORITIES,1
5,COLLEGE,1
5,SCHOOL,1
5,NAVY,1
5,TENNESSEE,1
5,MADEIRA,3
5,HOSPITAL,1
5,STUDENT,1
6,WEBSITE,1
6,FLORIDA,20
6,UNITEDSTATES,40
6,SCHOOL,2
6,PUBLISHER,2
6,MEDIA,2
6,EMPLOYEE,3
6,GOVERNMENT,7
6,REDCROSS,3
6,AMERICAN,2
6,THEWHITEHOUSE,2
6,ATLANTA,1
6,COMMUNITY,3
6,FIREDEPARTMENT,1
6,POLICECHIEF,4
6,JOURNALIST,2
6,TENNESSEE,2
6,IMMIGRANT,1
6,NORTHCAROLINA,6
6,JOEBIDEN,2
6,ADMINISTRATION,3
6,MAYOR,1
6,MEXICO,1
6,POLITICIAN,1
6,POLICE,1
6,RETIRED,2
6,OHIO,1
6,STUDENT,2
6,BROOKDALESENIORLIVING,2
6,LEBANON,2
6,PRESIDENT,1
6,RUSSIA,1
6,STPETERSBURG,1
6,VILLAGE,1
6,FIREFIGHTER,2
6,UTAH,1
6,WORKER,2
6,DEPUTY,1
6,BANK,2
6,ARMY,3
6,HOSPITAL,2
6,ADVOCATE,1
6,THEASSOCIATEDPRESS,1
6,CALIFORNIA,1
6,PRODUCER,1
6,COMPANY,2
6,GANG,1
6,KANSAS,1
6,RESIDENTS,4
6,FARMER,1
6,ISRAEL,5
6,NATIONALGUARD,2
6,VOTER,2
6,BUSINESS,1
7,UNITEDSTATES,42
7,JOEBIDEN,2
7,SCHOOL,5
7,STUDENT,2
7,GOVERNOR,3
7,FLORIDA,18
7,PRESIDENT,8
7,MADEIRA,3
7,ISRAEL,1
7,WEBSITE,1
7,NEWYORK,2
7,FARMER,1
7,BUSINESS,1
7,MISSISSIPPI,3
7,GREENVILLE,1
7,CRIMINAL,1
7,NEWYORKCITY,1
7,AUTHORITIES,1
7,VERMONT,1
7,DOCTOR,1
7,FIRECHIEF,1
7,NORTHCAROLINA,1
7,FEDERALJUDGE,1
7,GOVERNMENT,2
7,THEWHITEHOUSE,1
7,POLICECHIEF,2
7,FIREDEPARTMENT,1
7,REDCROSS,2
7,CORPORATION,1
7,CHINA,2
7,EUROPE,1
7,WISCONSIN,1
7,STATECOMMISSION,1
7,VOTER,1
7,JERSEY,1
7,NEWJERSEY,2
7,PANAMACITY,1
7,UNIVERSITY,2
7,SENATE,2
7,ELECTORALCOMMISSION,1
7,SENATOR,1
7,AMERICARES,1
7,DISNEY,2
7,VERIZON,2
7,NEWSPAPER,3
7,CONGRESS,4
8,JOEBIDEN,2
8,FLORIDA,27
8,UNITEDSTATES,52
8,NASA,1
8,RESIDENTS,5
8,CATHOLIC,1
8,CLERGY,1
8,EMBRAER,2
8,NEWSPAPER,1
8,SOUTHCAROLINA,4
8,ARUBA,2
8,SENATE,1
8,MISSISSIPPI,3
8,GOVERNOR,5
8,MEDIA,4
8,STUDENT,1
8,CONGRESS,2
8,BUSINESS,3
8,DEPARTMENTOFEDUCATION,2
8,CHRISTIAN,1
8,THAI,1
8,ADVOCATE,1
8,THEWHITEHOUSE,2
8,PROSECUTOR,2
8,CRIMINAL,1
8,TURKEY,1
8,UNIVERSITY,1
8,MAYOR,1
8,PUERTORICO,1
8,NORTHCAROLINA,6
8,PRESIDENT,12
8,DISNEY,1
8,HOSPITAL,1
8,COMPANY,1
8,VOTER,1
8,LAWYER,2
8,FRENCHPOLYNESIA,2
8,WASHINGTON,3
8,TAMPA,1
8,REDCROSS,3
8,ORLANDO,1
8,INVESTOR,2
8,AIRFORCE,2
8,FEDERALCOURT,1
8,CITYMANAGER,1
8,NATIONALGUARD,2
8,MILITARY,1
8,INDUSTRY,2
8,BERMUDA,1
8,LIEUTENANT,2
8,COMMUNITY,2
8,WEBSITE,1
8,UKRAINE,1
8,FIREFIGHTER,1
8,ISRAEL,2
8,CHINA,2
8,CANTON,1
9,COMMUNITY,1
9,JOEBIDEN,2
9,UNITEDSTATES,35
9,COMPANY,3
9,FLORIDA,18
9,PEACHSTATE,1
9,RESIDENTS,6
9,REPRESENTATIVES,2
9,REDCROSS,1
9,NEWYORK,1
9,AUTHORITIES,1
9,FARMER,1
9,GOVERNOR,2
9,SENATOR,1
9,LAWMAKER,1
9,LAWENFORCEMENTOFFICER,2
9,GOVERNMENT,2
9,JOURNALIST,1
9,VILLAGE,1
9,CONGRESS,2
9,SYDNEY,1
9,HUMANESOCIETYOFTHEUNITEDSTATES,2
9,JOHNKEY,1
9,BRIANMC,1
9,BUSINESS,1
9,MAYOR,2
9,MALE,3
9,POLICE,1
9,AMERICAN,1
9,SCHOOL,7
9,STUDENT,8
9,UNIVERSITY,5
9,ITALY,2
9,PROFESSOR,1
9,MEXICO,4
9,PRESIDENT,3
9,XCELENERGY,1
9,BERMUDA,2
9,INDIGENOUS,1
9,COLLEGE,1
9,NORTHCAROLINA,2
9,CHIEFEXECUTIVE,1
9,CARRIER,2
9,BAHAMA,1
9,ILLEGALMIGRANT,1
9,UNITEDKINGDOM,1
9,EMPLOYEE,2
9,TURKEY,1
9,DETECTIVE,1
9,MIAMI,1
9,WEBSITE,2
9,PANAMA,2
9,JORDAN,1
10,JOEBIDEN,2
10,FLORIDA,2
10,CONGRESS,1
10,NORTHCAROLINA,2
10,SCHOOL,1
10,IRELAND,1
10,THEUS,1
10,NEWYORK,1
10,UNITEDSTATES,9
10,COMMUNITY,2
10,PRESIDENT,1
10,PARTYMEMBER,1
10,BUSINESS,2
10,POLICE,1
10,BAHAMA,1
10,RESIDENTS,1
10,GOVERNMENT,1
10,RIVIERA,1
10,FELON,1
10,NEVADA,2
10,BOLIVIA,2
10,CIVILIAN,1
10,DEFENSEMINIST,1
10,PRISON,1
10,LAWYER,1
10,PUBLICRADIO,2
11,ORLANDO,1
11,UNITEDSTATES,28
11,FLORIDA,10
11,SPOKESMAN,1
11,WORKER,2
11,RESIDENTS,2
11,HUNTER,1
11,AUTHORITIES,7
11,JEWISH,1
11,COLLEGE,1
11,ISRAEL,2
11,IMMIGRANT,1
11,TENNESSEE,1
11,LATINOS,1
11,JACKSONVILLE,1
11,BUSINESS,1
11,JOEBIDEN,2
11,POLICE,2
11,THEUS,1
11,EMPLOYEE,2
11,TAMPA,1
11,VOTER,1
11,SCHOOL,1
11,CITIZEN,1
11,AMERICAN,1
11,REDCROSS,1
11,ADMINISTRATION,3
11,COMPANY,1
11,DIOCESE,1
11,LAWYER,2
11,PRIEST,1
11,LAWMAKER,1
11,GOVERNOR,1
11,PRESIDENT,2
11,PRESBYTERIAN,1
11,NORTHCAROLINA,2
12,UNITEDSTATES,86
12,RESIDENTS,13
12,SCHOOL,4
12,COLUMBUS,1
12,MINNESOTA,3
12,VOTER,4
12,INDUSTRY,2
12,ISRAEL,5
12,EUROPEAN,2
12,SCIENTIST,1
12,POPULATION,1
12,BERMUDA,1
12,PHOENIX,1
12,POLICE,4
12,MEXICO,8
12,NEWORLEANS,4
12,UNIVERSITY,3
12,FLORIDA,37
12,PRESIDENT,5
12,BUSINESS,2
12,OHIO,1
12,AMERICAN,3
12,NAVY,1
12,CHABADLUBAVITCH,1
12,IRAN,2
12,JEWISH,1
12,GOVERNMENT,2
12,WISCONSIN,1
12,DIOCESE,1
12,MEDIA,4
12,AUTHORITIES,4
12,DEALER,1
12,DEPUTIES,2
12,NAPLES,1
12,GOVERNOR,6
12,OKLAHOMA,1
12,HOSPITAL,3
12,EUROPE,1
12,REDCROSS,5
12,LONDON,1
12,PARIS,1
12,BRITISH,1
12,YUCATANPENINSULA,1
12,HAITI,3
12,COMMUNITY,4
12,HAITIAN,5
12,IMMIGRANT,1
12,NEWSAGENCY,2
12,COMPANY,4
12,CUBA,1
12,ADMINISTRATION,2
12,WEBSITE,2
12,TAMPA,3
12,WASHINGTON,2
12,NATIONALGUARD,2
12,UNITEDKINGDOM,1
12,FELON,1
12,LOSANGELES,1
12,PANAMACITY,1
12,REFUGEE,1
12,STUDENT,3
12,NASA,1
12,CABINET,2
12,JOEBIDEN,2
12,PRISON,1
12,LAWRENCE,1
12,RUSSIA,3
12,MILITARY,1
12,ATTORNEY,1
12,TENANTS,2
12,COLLEGE,1
12,STATEOFFICIAL,1
12,COMPANIES,1
12,NEVADA,1
12,CONGRESS,1
12,STATESUPREMECOURT,2
12,KUKLUXKLAN,1
12,LOUISIANA,2
12,VERIZON,1
12,ATLANTA,1
12,NAVAL,1
12,RETIRED,1
12,PANERABREAD,1
12,FRANCE,1
12,ORLANDO,2
12,MAYOR,1
12,THEWHITEHOUSE,1
12,ACTOR,1
12,CITIZEN,1
12,NEBRASKA,1
12,BRAC,1
12,EMPLOYEE,1
12,CADDO,1
12,STPETERSBURG,1
12,ST.PETERSBURG,1
12,HAMAS,2
12,ISRAELI,1
12,PUERTORICO,1
12,NEWSOUTLET,1
12,BANK,4
12,NEWHAMPSHIRE,1
12,FIRECHIEF,1
13,AUTHORITIES,2
13,NATIONALGUARD,2
13,PRESIDENT,17
13,TAMPA,11
13,CITIZEN,2
13,UNITEDSTATES,137
13,RESIDENTS,15
13,JAMAICA,1
13,MEDIA,13
13,BRAZILIAN,1
13,FLORIDA,112
13,RUSSIA,4
13,LAWYER,1
13,MIGRANT,2
13,UNITEDKINGDOM,10
13,BRAC,9
13,REDCROSS,9
13,THEWHITEHOUSE,2
13,DEPUTY,2
13,SCHOOL,6
13,STUDENT,2
13,EUROPEAN,2
13,WASHINGTON,5
13,SPOKESMAN,1
13,VIRGINIA,1
13,JOEBIDEN,5
13,GERMAN,10
13,GERMANY,11
13,BERLIN,4
13,EMPLOYEE,5
13,REPRESENTATIVES,2
13,AIRLINE,13
13,HOSPITAL,5
13,TOLEDO,1
13,FIREFIGHTER,4
13,POLAND,1
13,SOUTHWESTAIRLINES,1
13,LAWENFORCEMENTAGENCIES,1
13,UNIVERSITY,4
13,JEWISH,6
13,AUSTRALIAN,1
13,PUERTORICO,1
13,NEWYORK,3
13,WORKER,1
13,OHIO,1
13,TURKEY,1
13,INDIANA,1
13,JOURNALIST,2
13,MEXICO,6
13,HOUSTON,2
13,MINNESOTA,2
13,GOVERNMENT,4
13,PRESIDENTIALCANDIDATE,3
13,CHARLOTTE,1
13,NORTHCAROLINA,6
13,POLICE,4
13,NEWHAMPSHIRE,1
13,COMPANY,4
13,NAVY,2
13,ADMINISTRATION,10
13,ISRAEL,4
13,TENNESSEE,1
13,LOUISVILLE,1
13,LAWMAKER,1
13,LASVEGAS,3
13,HAMAS,1
13,NATIONALPRESS,1
13,STEELMAN,1
13,BRUNSWICK,1
13,YUCATANPENINSULA,2
13,THEUS,7
13,FIREDEPARTMENT,1
13,MIAMI,1
13,COMMUNITY,2
13,CRIMINAL,1
13,STATEOFFICIAL,4
13,COASTGUARD,2
13,MAYOR,1
13,ARMY,2
13,PORTLAND,2
13,ORLANDO,3
13,BUSINESS,3
13,WEBSITE,1
13,CLEVELAND,1
13,IRAN,1
13,PROFESSOR,3
13,GOVERNOR,3
13,REUTERS,1
13,CANADIAN,1
13,ANGOLA,5
13,WALGREEN,1
13,CORPORATION,6
13,HOUSESPEAKER,2
13,ENGINEER,1
13,HELSINKI,1
13,CUBA,1
13,OTTAWA,1
13,VOTER,2
13,OPERATIVE,1
13,CONGRESS,2
13,AMERICAN,3
13,DOCTOR,2
13,COMPANIES,1
13,SCOT,1
13,OKLAHOMACITY,1
13,STPETERSBURG,6
13,DISNEY,2
13,UTAH,1
13,NASSAU,2
13,CHINOOK,2
13,PENNSYLVANIA,2
13,PRISON,1
13,LAWENFORCEMENTOFFICER,2
13,POPULATION,1
13,FEDERALCOURT,1
13,COLLEGE,1
13,INDUSTRY,1
13,ATTORNEY,1
13,CANADA,1
13,NOVASCOTIA,1
13,IRELAND,1
13,SAINT,1
13,PARTYMEMBER,1
13,THEASSOCIATEDPRESS,2
13,KANSAS,1
13,SCIENTIST,1
13,KENTUCKY,1
13,AMERICARES,1
13,MORMON,1
13,LATTERDAYSAINTS,1
14,REDCROSS,7
14,TAMPA,13
14,AIRLINE,4
14,MIGRANT,2
14,PRESIDENT,17
14,ADMINISTRATION,8
14,RESIDENTS,31
14,GOVERNMENT,4
14,UNITEDSTATES,173
14,FRANCE,7
14,JEWISH,3
14,SOUTHCAROLINA,1
14,FLORIDA,121
14,SCHOOL,10
14,GOVERNOR,3
14,CRIMINAL,3
14,LOOTER,4
14,WISCONSIN,4
14,UNITEDKINGDOM,3
14,ROYALCARIBBEAN,1
14,ILLEGALMIGRANT,1
14,NEWJERSEY,2
14,JOEBIDEN,2
14,LEGISLATOR,1
14,EMPLOYEE,6
14,COMMUNITY,4
14,MEDIA,12
14,COMPANY,11
14,POLICE,4
14,SENATE,1
14,INSPECTORGENERAL,1
14,UNIVERSITY,4
14,SENATOR,5
14,JORDAN,1
14,ATLANTA,2
14,WEBSITE,5
14,TRAVELER,3
14,POPULATION,2
14,ANGOLA,7
14,GERMANY,9
14,SCIENTOLOGY,2
14,ADVOCATE,1
14,THEASSOCIATEDPRESS,3
14,NASA,1
14,PHYSICIAN,2
14,DISNEY,6
14,OVALOFFICE,2
14,MARYLAND,2
14,RUSSIA,4
14,STPETERSBURG,4
14,EUROPE,1
14,DIPLOMAT,1
14,CORELOGIC,1
14,HUNTER,3
14,WALGREEN,1
14,TENNESSEE,2
14,BAHAMA,5
14,THEWHITEHOUSE,2
14,CUBA,3
14,BRITISH,2
14,BUSINESS,10
14,AMERICAN,5
14,AFRICA,3
14,MEXICO,17
14,RHODEISLAND,1
14,MAGAZINE,2
14,SCIENTIST,2
14,CONGRESS,4
14,IRELAND,2
14,ACTOR,1
14,HOSPITAL,5
14,NATIONALGUARD,6
14,SUPERIORCOURT,1
14,IRISH,5
14,ISRAEL,4
14,NEWSOUTLET,1
14,CHICAGO,1
14,POLE,1
14,COLLEGE,2
14,LAWMAKER,2
14,GOVERNMENTOFFICIAL,1
14,SPOKESMAN,1
14,PRISON,1
14,ISRAELI,2
14,NAPLES,1
14,WORKER,16
14,DETECTIVE,1
14,SUNSHINESTATE,4
14,LASVEGAS,1
14,PENNSYLVANIA,2
14,VIRGINIA,2
14,WASHINGTON,1
14,STUDENT,4
14,CANADIAN,3
14,INDUSTRY,2
14,NASHVILLE,1
14,AUTHORITIES,1
14,CATHOLIC,1
14,HAITIAN,1
14,POLICEOFFICER,1
14,ITALY,2
14,COASTGUARD,1
14,PANAMACITY,1
14,DOCTOR,1
14,TEXAS,1
14,CONGRESSWOMAN,1
14,TANKER,2
14,UTAH,1
14,SUPREMECOURT,2
14,ROME,1
14,GOOGLE,2
14,BRAC,6
14,NEWSAGENCY,1
14,NORTHCAROLINA,4
14,MILITARY,4
14,STATEOFFICIAL,2
14,DUBLIN,1
14,THEUS,4
14,RETIRED,1
14,MIAMI,2
14,SHEFFIELD,2
14,MISSISSIPPI,2
14,ATTORNEY,2
14,NEWYORK,3
14,ILLEGALIMMIGRANT,1
14,MICHIGAN,2
14,FIREDEPARTMENT,3
14,PROFESSOR,1
14,CHARLOTTE,2
14,RANCHER,1
14,IMMIGRANT,4
14,FIREFIGHTER,3
14,LOUISIANA,5
14,VILLAGE,1
14,PUERTORICO,1
14,COMPANIES,3
14,SANANTONIO,1
14,OHIO,1
14,LOSANGELES,1
14,MAYOR,1
14,PHILADELPHIA,1
14,LOUISVILLE,3
14,INDIANA,2
14,COLORADO,3
14,CARRIER,2
14,VOTER,1
14,OKLAHOMACITY,1
14,AUSTRALIA,1
14,OBAMA,1
14,YUCATAN,2
14,NEIGHBORHOOD,1
14,SPECIALOPERATIONS,1
14,ALABAMA,1
14,ORLANDO,2
14,GAZETTE,1
14,WATERLOO,1
14,CALIFORNIA,2
14,FARMER,3
14,SPAIN,3
14,GREECE,2
14,DEPUTIES,1
14,KANSAS,1
14,MICHAELCOLLINS,1
14,NATO,2
14,KING,1
14,ELECTOR,1
14,PITTSBURGH,1
14,SIOUX,2
14,EUROPEAN,1
14,UKRAINE,1
14,ALBERT,1
14,PFIZER,1
14,EARTHJUSTICE,2
14,CINCINNATI,2
14,RABBI,1
14,BURGLAR,1
14,AGRICULTURESECRETARY,2
14,MINNESOTA,1
15,UNITEDSTATES,193
15,FLORIDA,196
15,FIREFIGHTER,5
15,PENNSYLVANIA,3
15,JOEBIDEN,9
15,TROOPER,4
15,CONGRESS,14
15,INDUSTRY,7
15,RUSSIA,7
15,DEPARTMENTOFEDUCATION,1
15,AMERICAN,7
15,HAMAS,1
15,COLLEGE,3
15,COMPANY,11
15,MEDIA,15
15,JEWISH,2
15,CANADA,3
15,VENEZUELA,2
15,MIGRANT,3
15,BUSINESS,8
15,COASTGUARD,2
15,AIRLINE,3
15,PRESIDENT,8
15,ATLANTA,1
15,RESIDENTS,33
15,WISCONSIN,4
15,PRISON,3
15,STATEOFFICIAL,3
15,MISSOURI,4
15,COMMENTATOR,1
15,BOSS,1
15,UNITEDKINGDOM,9
15,COLORADO,4
15,LAWRENCE,1
15,CORVETTE,1
15,GOVERNMENT,10
15,GOVERNMENTOFFICIAL,1
15,NORTHCAROLINA,6
15,LOOTER,1
15,CRIMINAL,3
15,SENATOR,1
15,BLOG,1
15,CHABAD,3
15,STUDENT,3
15,ISRAEL,2
15,ORLANDO,5
15,REPRESENTATIVES,1
15,ONTARIO,3
15,STPETERSBURG,10
15,COMMUNITY,5
15,SUNSHINESTATE,2
15,NORTHAMERICA,3
15,CALIFORNIA,2
15,CHINOOK,2
15,SCHOOL,7
15,POLICE,6
15,OVALOFFICE,1
15,TAMPA,14
15,GOVERNOR,8
15,NEIGHBORHOOD,2
15,WORKER,8
15,COMPANIES,2
15,ALEXANDRIA,1
15,WEBSITE,1
15,JIMMYCARTER,1
15,SANTAANA,1
15,ACTOR,2
15,ILLEGALMIGRANT,1
15,THEUS,2
15,REUTERS,2
15,VILLAGE,2
15,THEWHITEHOUSE,4
15,EMPIRESTATE,1
15,BAHAMA,1
15,KENTUCKY,3
15,REDCROSS,14
15,POLICEOFFICER,2
15,HOSPITAL,4
15,IMMIGRANT,2
15,ADMINISTRATION,3
15,MELBOURNE,1
15,TENANTS,1
15,TEXAS,1
15,VOTER,3
15,TELEVISION,1
15,ARMYNATIONALGUARD,2
15,NEWSAGENCY,2
15,CUBA,1
15,BRITISH,3
15,NATIONALGUARD,6
15,INDIANA,1
15,DISNEY,5
15,LEAGUEOFWOMENVOTERS,2
15,MAYOR,2
15,NEWYORK,5
15,HUNTER,1
15,CADDO,1
15,SOUTHCAROLINA,3
15,EUROPEAN,1
15,TELECOM,1
15,ANGOLA,3
15,GERMANY,4
15,AFRICA,2
15,VIRGINIA,4
15,DOCTOR,2
15,GREECE,1
15,LAWMAKER,2
15,AUTHORITIES,1
15,POPULATION,4
15,CULPRIT,1
15,BILLCLINTON,2
15,CANADIAN,2
15,RIGHTSGROUP,1
15,INTERNATIONALCOMMITTEEOFTHEREDCROSS,1
15,BANK,2
15,MEXICO,3
15,NASA,1
15,WASHINGTON,4
15,ARMY,1
15,CONNECTICUT,1
15,EUROPE,2
15,EMIRATI,1
15,PANAMACITY,1
15,FIREDEPARTMENT,1
15,SPAIN,1
15,ALABAMA,1
15,TARA,1
15,JACKSONVILLE,1
15,SANFRANCISCO,1
15,ARKANSAS,3
15,NEWHAMPSHIRE,2
15,POLE,3
15,PHYSICIAN,1
15,TENETHEALTHCARE,1
15,ILLINOIS,3
15,MEMPHIS,1
15,MOSAICCOMPANY,1
15,TRAVELER,1
15,AEROSPACE,1
15,MINISTRY,2
15,MILITARY,5
15,AUCKLAND,1
15,PEACHSTATE,3
15,ASSOCIATEDPRESS,1
15,LOUISIANA,2
15,SCIENTIST,1
15,NEWORLEANS,1
15,SUPREMECOURT,1
15,EMPLOYEE,1
15,CONGLOMERATE,1
15,GREENPEACE,1
15,WORLDVISION,1
15,UKRAINE,1
15,IRAN,2
15,FRANCE,1
15,ARIZONA,1
15,BRAC,2
15,CAPTAIN,1
15,POLICECHIEF,1
15,RESEARCHINSTITUTION,1
15,LONDON,2
15,THEASSOCIATEDPRESS,2
15,JOURNALIST,1
15,EDINBURGH,2
15,DOMINICANREPUBLIC,1
15,LIEUTENANT,2
15,BIBINETANYAHU,1
15,MITSUBISHI,1
15,THEEUROPEANUNION,1
15,SPANISH,2
15,LOUISVILLE,1
15,METHODISTCHURCH,1
15,HAWAII,1
15,TRAVELLER,1
15,CITIZEN,1
15,SOUTHWESTAIRLINES,1
15,DEPUTIES,1
15,NEWSSTATION,1
15,PRESIDENTIALCANDIDATE,1
15,IRISH,1
15,IRELAND,1
15,JUDGE,2
15,HEALTHDEPARTMENT,1
15,ENGINEER,1
15,OHIO,1
16,EMPLOYEE,2
16,FLORIDA,86
16,MEXICO,1
16,DEPUTY,4
16,ADMINISTRATION,6
16,UNITEDSTATES,121
16,WRITER,2
16,THEUS,1
16,UNITEDKINGDOM,1
16,PUPIL,1
16,STUDENT,4
16,DISNEY,13
16,TROOPER,5
16,PRESIDENT,14
16,EUROPE,1
16,JOEBIDEN,2
16,COMPANY,9
16,GOVERNMENT,1
16,REUTERS,2
16,PORTUGAL,1
16,POLICE,1
16,BARACKOBAMA,1
16,FIREFIGHTER,2
16,STATEGOVERNOR,1
16,WORKER,8
16,TAMPA,7
16,GOVERNOR,8
16,MEDIA,7
16,CIVILIAN,1
16,RETIRED,2
16,JACKSONVILLE,1
16,SOUTHWESTAIRLINES,1
16,THEWHITEHOUSE,5
16,RESIDENTS,9
16,HOSPITAL,5
16,BIRMINGHAM,3
16,FIRECHIEF,1
16,IMMIGRANT,2
16,NORTHCAROLINA,3
16,UNITEDSTATESOFAMERICA,1
16,REGIME,1
16,KENYA,2
16,AMERICAN,2
16,WEBSITE,2
16,WATERLOO,2
16,CAPTAIN,2
16,SENATOR,2
16,ATTORNEY,1
16,BUSINESS,6
16,SCIENTIST,2
16,STATELEADER,1
16,REDCROSS,10
16,PROTESTER,1
16,ILLEGALMIGRANT,1
16,STPETERSBURG,4
16,RUSSIA,4
16,COASTGUARD,4
16,DIOCESE,3
16,LEBANON,1
16,SCHOOL,2
16,PROSECUTOR,2
16,HUNTER,1
16,EMBASSY,1
16,FILIPINO,2
16,CONGRESS,2
16,BRAZIL,1
16,AIRLINE,1
16,WASHINGTON,2
16,POLICECHIEF,2
16,CHEROKEE,1
16,COMMUNITY,2
16,FIREDEPARTMENT,1
16,UNIVERSITY,2
16,PANAMA,1
16,AUTHORITIES,6
16,THEASSOCIATEDPRESS,2
16,MASSACHUSETTS,1
16,BELIZE,1
16,TELEVISION,4
16,CONGRESSWOMAN,1
16,ARMYNATIONALGUARD,1
16,PRIVATECITIZEN,2
16,VOTER,3
16,DEMOCRATICPARTY,1
16,NVIDIA,2
16,LOSANGELES,1
16,ORLANDO,1
16,TOLEDO,1
16,NATIONALGUARD,1
16,TANKER,1
16,LEGISLATOR,1
16,CHRISTIANITY,1
16,CHINOOK,1
16,ISRAEL,3
16,GAZA,4
16,SENATE,1
16,FRENCH,3
16,FRANCE,1
16,LONDON,2
16,JUDGE,1
16,DEPUTIES,2
16,SUNSHINESTATE,1
16,COMPANIES,2
16,UKRAINE,1
16,ALASKA,1
16,INDUSTRY,4
16,CHRISTIAN,2
16,PIRATE,1
16,PENNSYLVANIA,2
16,NEBRASKA,1
16,CANADA,1
16,INDIANA,1
16,SPAIN,1
16,TEXAS,1
16,STAFFMEMBER,1
16,ARMY,2
16,GOOGLE,1
16,AFGHANISTAN,1
16,MADI,1
16,LIEUTENANT,1
16,TARA,1
16,DOCTOR,3
16,GAZETTE,2
16,HAITIAN,2
16,LAWMAKER,1
16,KINGDOM,1
16,MAGAZINE,1
16,MIAMI,1
16,PHILIPPINE,2
16,REPUBLICOFKOREA,1
16,SOUTHKOREA,1
16,CHINESE,1
16,KENTUCKY,1
16,CITIZEN,1
16,PRODUCER,1
16,SPANISH,1
16,EUROPEAN,1
16,ROYALCARIBBEAN,1
16,BAHAMA,1
16,DEPARTMENTOFAGRICULTURE,2
17,WORKER,1
17,UNITEDSTATES,36
17,HOSPITAL,3
17,BUSINESS,2
17,FLORIDA,25
17,RIGHTSGROUP,4
17,JUDGE,1
17,JOEBIDEN,7
17,ADMINISTRATION,1
17,THEUS,2
17,MEDIA,2
17,UKRAINE,1
17,GOVERNOR,2
17,FEDERALCOURT,2
17,CALIFORNIA,1
17,TOURISMINDUSTRY,1
17,DISNEY,1
17,UNITEDKINGDOM,2
17,VOTER,1
17,LIEUTENANT,1
17,PUBLISHER,1
17,GOVERNMENT,3
17,EMPLOYEE,2
17,SEATTLE,2
17,ALJAZEERA,1
17,CONGRESS,1
17,PRESIDENT,1
17,RESIDENTS,7
17,JACKSONVILLE,1
17,BELIZE,1
17,ARMY,1
17,AFRICA,1
17,AIRFORCE,1
17,DEPUTY,1
17,REDCROSS,1
17,GEORGETOWN,1
17,MEXICO,1
17,RUSSIA,1
17,COMPANY,3
17,POLICE,1
17,STATEOFFICIAL,2
17,DEPUTIES,1
17,COMMUNITY,4
17,NAPLES,1
17,ISRAEL,1
17,SYRIA,2
17,CRIMINAL,1
17,UNIVERSITY,2
17,VERIZON,1
17,POLICEOFFICIALS,1
17,MILITARY,1
17,STEELWORKER,1
17,PUBLICATION,1
17,NEWMEXICO,2
17,MEXICAN,1
17,POLICEOFFICER,2
17,BASEL,2
17,HYUNDAI,1
17,INDUSTRY,1
17,PHILIPPINE,1
18,CARRIER,1
18,CITIZEN,3
18,UNITEDSTATES,22
18,FLORIDA,23
18,BUSINESS,3
18,RESIDENTS,3
18,HOUSESPEAKER,1
18,MIAMI,2
18,SCHOOL,2
18,BISHOP,1
18,REUTERS,2
18,LAWMAKER,3
18,CONGRESS,5
18,PRESIDENT,6
18,COMMUNITY,1
18,CONGRESSMAN,1
18,GOVERNOR,1
18,PRISON,1
18,JOEBIDEN,4
18,WORKER,2
18,POLE,1
18,HOSPITAL,1
18,AIRFORCE,1
18,FARMER,2
18,AMERICANTROOPS,1
18,ISRAEL,1
18,ISRAELI,1
18,HYUNDAI,2
18,WEBSITE,1
18,JACKSONVILLE,1
18,SUNSHINESTATE,1
18,NASA,1
18,SCIENTIST,2
18,UNITEDNATIONS,1
18,AUSTRALIA,1
18,NORTHCAROLINA,2
18,HAWAII,2
18,NEWYORK,2
18,SPANISH,2
18,NEWSPAPER,1
18,VOTER,1
18,CALIF,1
18,DRUGTRAFFICKER,2
18,GERMANY,2
18,TEXAS,1
18,GOVERNMENT,2
18,REDCROSS,1
18,TANKER,2
18,EUROPE,4
18,BARACKOBAMA,1
18,LASVEGAS,1
18,STPETERSBURG,1
18,AMERICAN,1
18,MIGRANT,1
19,UNITEDSTATES,36
19,AMERICAN,6
19,YEMEN,1
19,MEXICO,3
19,DISNEY,3
19,JETBLUE,2
19,COLLEGE,1
19,NASA,4
19,DEPUTY,1
19,REDCROSS,3
19,PHILADELPHIA,1
19,PENNSYLVANIA,2
19,INDUSTRY,3
19,RESIDENTS,10
19,COMMUNITY,2
19,FLORIDA,22
19,SENATOR,1
19,PRISON,1
19,ADVOCATE,5
19,GOVERNMENT,3
19,REGULATOR,1
19,ADMINISTRATION,4
19,JOEBIDEN,3
19,SIOUX,1
19,WISCONSIN,1
19,TAMPA,3
19,BUSINESS,4
19,HOUSTON,2
19,UNIVERSITY,2
19,PROTESTER,1
19,CORRESPONDENT,1
19,CAREGIVER,2
19,ATTORNEYGENERAL,1
19,CORPORATION,1
19,BANK,1
19,WORKER,1
19,PRESIDENT,6
19,ENERGYSECRETARY,1
19,VOTER,2
19,SCHOLAR,2
19,FIREFIGHTER,2
19,NORTHCAROLINA,4
19,MINISTRY,2
19,JOURNALIST,1
19,LAWMAKER,3
19,SAINTPETERSBURG,1
19,UKRAINE,1
19,COMPANY,3
19,MINIST,1
19,CROATIA,1
19,CARRIER,1
19,VILLAGE,3
19,TENNESSEE,1
19,MAKEAWISHFOUNDATION,2
19,ROCHESTER,1
19,COMPANIES,2
19,NURSE,1
19,STUDENT,4
19,CHABAD,1
19,ISRAEL,1
19,RUSSIA,1
19,PROFESSOR,1
19,TANKER,1
19,WALLSTREETJOURNAL,1
19,ATTORNEY,1
19,CONGRESS,1
20,EMPLOYEE,1
20,COMPANY,1
20,NAVAL,1
20,SCIENTIST,2
20,BUSINESS,7
20,INDIGENOUSPEOPLE,1
20,UNITEDSTATES,42
20,COMPANIES,1
20,PANAMACITY,1
20,CHINA,2
20,IMMIGRANT,1
20,POLAND,1
20,FARMER,1
20,WORKER,6
20,WEBSITE,3
20,GOVERNMENT,7
20,HOSPITAL,2
20,BLOG,4
20,DISTRICTCOURT,1
20,CHIEFEXECUTIVE,1
20,FLORIDA,12
20,LAWENFORCEMENTAGENCIES,1
20,MEDIA,3
20,STPETERSBURG,1
20,FIREFIGHTER,1
20,COMMUNITY,2
20,RESIDENTS,2
20,LAWYER,1
20,VOTER,1
20,MICHIGAN,1
20,CIVILAUTHORITY,1
20,PRESIDENT,3
20,PROSECUTOR,2
20,AMERICAN,1
20,UNITEDKINGDOM,1
20,TROOPER,4
20,VILLAGE,1
20,MILITARY,2
20,JUDGE,1
20,ATTORNEY,1
20,GENERALASSEMBLY,1
20,CALIFORNIA,1
20,DOCTOR,1
20,TAMPA,1
20,GOVERNOR,1
20,AUTHORITIES,1
20,XCELENERGY,3
20,EUROPEAN,1
20,SCIENTOLOGY,1
20,BAJACALIFORNIA,2
20,ADMINISTRATION,1
20,MIGRANT,1
20,ORLANDO,1
21,TAMPA,3
21,UNITEDSTATES,40
21,FLORIDA,21
21,RESIDENTS,2
21,POLE,1
21,WORKER,1
21,GOVERNOR,2
21,PROPERTYOWNER,1
21,MEDIA,3
21,COMMUNITY,2
21,NASA,3
21,TROOPER,5
21,COMPANY,2
21,KUKLUXKLAN,1
21,HONDURAS,1
21,NORTHCAROLINA,2
21,BUSINESS,2
21,GOVERNMENT,2
21,CONGRESS,2
21,HOSPITAL,2
21,HONDURAN,1
21,DOCTOR,2
21,KENTUCKY,2
21,JUDGE,1
21,LOUISVILLE,1
21,LIEUTENANT,2
21,TOLEDO,1
21,VOTER,2
21,ATTORNEY,2
21,AMERICAN,1
21,COMPANIES,1
21,DEPUTY,1
21,MILITIA,2
21,CUBA,1
21,POLICE,2
21,PHOENIX,1
21,ASSEMBLIES,1
21,RETIRED,2
21,PRESIDENT,4
21,SUPREMECOURT,2
21,ECONOMIST,1
21,ANGOLA,1
21,UKRAINE,1
21,JOEBIDEN,4
21,SENATOR,1
21,BANK,1
21,COLLEGE,1
21,CORPORATION,1
21,ARIZONA,1
21,JAMAICA,2
21,DEALER,2
21,MEXICO,1
22,COMMUNITY,6
22,FLORIDA,21
22,ADMINISTRATION,1
22,PROTESTER,1
22,UNITEDSTATES,25
22,REDCROSS,2
22,JOEBIDEN,2
22,COMPANIES,1
22,RESIDENTS,4
22,WORKER,1
22,CALIF,1
22,POLICE,2
22,COMPANY,1
22,LATINOS,1
22,VOTER,1
22,ILLEGALIMMIGRANT,1
22,CITIZEN,1
22,SCHOOL,1
22,MADRID,1
22,INDIGENOUS,1
22,PROPERTYOWNER,1
22,PRESIDENT,4
22,LIEUTENANT,3
22,DISNEY,2
22,AUTHORITIES,2
22,CUBA,1
22,HEALTHOFFICIAL,1
22,DETECTIVE,1
22,NEIGHBORHOOD,2
22,ARGENTINA,1
22,THEWHITEHOUSE,1
22,GERMANY,2
22,TEXAS,2
22,AMERICAN,1
22,MEDIA,2
22,BUSINESS,1
22,CONGRESS,1
22,CONSTITUENT,1
22,GOVERNOR,3
22,BAHAMA,4
22,EUROPE,1
22,PHYSICIAN,1
22,CATHOLIC,1
22,DOCTOR,1
22,ACTIVIST,2
23,PROFESSOR,1
23,COMMUNITY,2
23,GOVERNOR,2
23,UNITEDSTATES,25
23,FLORIDA,12
23,GOVERNMENT,2
23,BUSINESS,1
23,MEXICO,4
23,SEXWORKER,2
23,TAMPA,1
23,YUCATAN,1
23,CRIMINAL,2
23,WORKER,3
23,RESIDENTS,2
23,SCHOOL,1
23,FOREIGNCORRESPONDENT,2
23,FIRECHIEF,2
23,PHYSICIAN,1
23,RETIRED,2
23,AUTHORITIES,1
23,CITIZEN,2
23,CARRIER,1
23,COMPANY,1
23,KENTUCKY,1
23,IRAQ,1
23,LIEUTENANT,1
23,MEDIA,2
23,ADMINISTRATION,1
23,NEWYORK,5
23,MILITIA,1
23,CHANCELLOR,2
23,GERMANY,3
23,HAMAS,1
23,BERLIN,1
23,AMERICAN,1
23,PRODUCER,1
23,INDUSTRY,1
23,WRITER,1
23,AZERBAIJAN,1
23,NASSAU,1
24,BELIZE,2
24,FARMER,1
24,COMMUNITY,1
24,UNITEDSTATES,23
24,SCHOOL,2
24,POLICE,3
24,TURK,1
24,SCIENTOLOGY,1
24,MEDIA,1
24,LIEUTENANT,4
24,COLLEGE,1
24,COMPANY,1
24,MEXICO,1
24,DEPARTMENTOFAGRICULTURE,3
24,ATTORNEY,1
24,FLORIDA,7
24,JOEBIDEN,1
24,TELEVISION,1
24,NORTHAMERICA,2
24,REDCROSS,1
24,RESIDENTS,1
25,UNITEDSTATES,8
25,FLORIDA,7
25,WASHINGTON,1
25,BAHAMA,3
25,GREECE,1
25,CUBA,2
25,BANK,1
25,POLICE,1
25,DISSENTER,1
25,JACKSONVILLE,1
25,NORTHAMERICA,1
25,BUENOSAIRES,1
25,MALE,2
25,ARMY,1
25,RESIDENTS,1
25,SANFRANCISCO,2
25,MARINECORP,1
25,PRISON,1
26,POPULATION,3
26,STUDENT,1
26,MIAMI,1
26,RESIDENTS,4
26,COMPANY,1
26,COMMUNITY,1
26,PRODUCER,1
26,THEUS,1
26,UNITEDSTATES,9
26,RHODEISLAND,1
26,FIREFIGHTER,1
26,PORTLAND,1
26,WORKER,1
26,IMMIGRANT,2
26,ADVOCATE,1
26,HOSPITAL,2
26,SURGEON,2
26,GOVERNMENT,1
26,BUSINESS,1
26,FLORIDA,3
26,EMPLOYEE,1
26,JORDAN,1
26,KING,1
26,VOTER,1
26,ISRAEL,1
26,NASSAU,1
26,BAHAMA,1
26,POLICE,1
26,PRESIDENT,2
26,TROOPER,1
26,RUSSIA,1
26,GOVERNOR,1
27,GOVERNMENT,4
27,NEPAL,2
27,FLORIDA,10
27,UNITEDNATIONS,3
27,RESIDENTS,1
27,SCHOOL,1
27,MANCHESTER,1
27,JAMAICA,1
27,COMPANY,3
27,PRESIDENT,2
27,UNITEDSTATES,10
27,DEPARTMENTOFAGRICULTURE,4
27,NASA,2
27,ENVIRONMENTALDEFENSE,1
27,GANG,1
27,THEWHITEHOUSE,1
27,MINNEAPOLIS,1
27,MUSLIM,1
27,CATHOLIC,1
27,MINISTRY,1
27,DISNEY,1
27,MILITARY,1
27,SWEDEN,1
27,MILAN,1
27,SENATE,1
27,ADMINISTRATION,2
27,LAWYER,1
27,COMPANIES,3
27,AMERICAN,3
27,CUBA,1
27,COMMUNITY,1
27,UNITEDKINGDOM,2
27,LONDON,2
27,REUTERS,1
27,BERMUDA,1
28,UNITEDSTATES,13
28,FLORIDA,4
28,THEASSOCIATEDPRESS,3
28,STUDENT,3
28,ADMINISTRATION,3
28,BELIZE,1
28,GOVERNMENT,2
28,COMPANY,1
28,CARRIER,1
28,GANG,1
28,HAITI,1
28,HOSPITAL,2
28,LATINOS,2
28,CORPORATION,1
28,ADVOCATE,1
28,SCHOOL,3
28,BUSINESS,1
29,UNITEDSTATES,11
29,NEBRASKA,2
29,CITIZEN,1
29,PRESIDENT,2
29,VILLAGE,1
29,LIBERATIONMOVEMENT,1
29,FLORIDA,6
29,MIAMI,2
29,TOURIST,1
29,COMPANY,1
29,INDUSTRY,1
29,CATHOLIC,2
29,UNIVERSITY,1
29,CHRISTIAN,1
29,EMPLOYER,1
29,WISCONSIN,1
29,PRESIDENTIALCANDIDATE,1
29,PROSECUTOR,1
29,WORKER,1
29,POLITICIAN,1
29,HOUSTON,1
29,FIREFIGHTER,1
29,PUERTORICO,1
29,OHIO,1
30,UNITEDSTATES,23
30,EMPLOYEE,1
30,WORKER,1
30,RESIDENTS,1
30,METHODIST,2
30,FIREFIGHTER,1
30,PRISON,1
30,CONGRESS,1
30,GOVERNOR,3
30,KING,2
30,FLORIDA,8
30,VOTER,4
30,BANK,1
30,NATIONALGUARD,1
30,BOEING,3
30,AEROSPACE,1
30,UNDERSECRETARY,1
30,NORTHCAROLINA,1
30,PROTESTER,2
30,MIAMI,1
30,AMERICAN,1
30,SMALLTOWN,1
31,NEIGHBORHOOD,1
31,MEXICO,1
31,HOSPITAL,1
31,GOVERNOR,1
31,ATTORNEY,2
31,FLORIDA,2
31,EMPLOYEE,1
31,SPANISH,1
31,UNITEDSTATES,1
31,RUSSIA,1
31,NASA,3
31,HOUSTON,2
31,EUROPEAN,1
32,UNITEDSTATES,3
32,GOVERNOR,1
32,FLORIDA,5
32,ISRAELI,1
32,POLITICIAN,2
32,BUSINESS,3
32,TEXAS,1
32,NASA,2
32,AMERICAN,1
32,SPAIN,2
32,COMPANY,1
33,BUSINESS,2
33,SCHOOL,4
33,COMPANY,1
33,HOSPITAL,1
33,RETIRED,1
33,UNITEDSTATES,8
33,CATHOLIC,1
33,ILLEGALIMMIGRANT,3
33,FLORIDA,9
33,MEXICO,4
33,SANDIEGO,1
33,THEUS,1
33,GOVERNMENT,4
33,HOUSESPEAKER,1
33,MYANMAR,1
33,ORLANDO,1
33,NORTHCAROLINA,1
34,UNITEDSTATES,16
34,GOVERNMENT,1
34,PRISON,1
34,POLICE,2
34,FLORIDA,9
34,SCHOOL,1
34,NEIGHBORHOOD,1
34,ENGINEER,1
34,BUSINESS,1
34,ATTORNEY,1
34,MEDIA,1
34,JUDGE,3
34,BAHAMA,1
34,DISTRICTCOMMISSIONER,1
34,ARMY,1
34,PRESIDENT,6
34,JOURNALIST,2
34,CUBAN,1
34,BHUTAN,2
34,SUNSHINESTATE,1
34,CONGRESS,1
34,PIRATE,1
34,PHYSICIAN,1
34,HOSPITAL,1
34,ILLEGALIMMIGRANT,1
34,MIGRANT,1
